"Ticker","Nazwa emitenta","Waluta","Rynek","Wartosc nominalna","Data poprzedniej wypłaty","Dni od poprzedniej wypłaty","Data nastepnej wypłaty","Dni do następnej wypłaty","Rodzaj oprocentowania obligacji","WIBOR","Oprocentowanie","Oprocentowanie w bieżącym okresie odsetkowym (%)","Odsetki skumulowane","Liczba transakcji wrzesień 2023","Liczba dni z transakcjami wrzesień 2023","Obroty [tys.] wrzesień 2023","Data autoryzacji","Data pierwszego notowania","Data wykupu","Wartosc emisji","Zabezpieczenie","Strona www emitenta"
"ABE0227","AB","PLN","GPW ASO","10 000,00",NA,NA,2024-02-18,91,"zmienne","WIBOR 6M","2.6%","9.15","80,22",NA,NA,NA,"2023-08-31","2023-08-31","2027-02-18","80 000 000,00","NIE","www.ab.pl"
"ABE0726","AB","PLN","GPW ASO","10 000,00",2023-07-14,128,2024-01-14,56,"zmienne","WIBOR 6M","2.5%","9.29","170,53",0,0,0,"2022-08-01","2022-08-01","2026-07-14","30 000 000,00","NIE","www.ab.pl"
"ABE1023","AB","PLN","GPW ASO, BS ASO","10 000,00",2023-10-23,27,NA,NA,"zmienne","WIBOR 6M","2.5%","9.45","385,77",0,0,0,"2019-02-14","2019-02-14","2023-10-23","68 950 000,00","NIE","www.ab.pl"
"ABE1023","AB","PLN","GPW ASO, BS ASO","10 000,00",2023-10-23,27,NA,NA,"zmienne","WIBOR 6M","2.5%","9.45","385,77",0,0,0,"2019-02-14","2019-02-14","2023-10-23","68 950 000,00","NIE","www.ab.pl"
"ACH0725","ARCHE","PLN","GPW ASO","1 000,00",2023-10-22,28,2024-01-22,64,"zmienne","WIBOR 3M","4.7%","11.5","18,59",6,5,36.05,"2022-12-02","2022-12-02","2025-07-22","20 000 000,00","TAK","www.arche.pl"
"ACH1123","ARCHE","PLN","GPW ASO","1 000,00",2023-08-24,87,2023-11-24,5,"stałe","","6%","6","4,27",7,4,140.28,"2021-05-10","2021-05-10","2023-11-24","10 658 000,00","TAK","www.arche.pl"
"ACH1124","ARCHE","PLN","GPW ASO","1 000,00",2023-11-18,1,2024-02-18,91,"zmienne","WIBOR 3M","4.7%","11.42","10,01",13,6,82.39,"2022-04-11","2022-04-11","2024-11-18","20 000 000,00","TAK","www.arche.pl"
"ACH1125","ARCHE","PLN","GPW ASO","1 000,00",2023-11-03,16,2024-02-03,76,"zmienne","WIBOR 3M","4.7%","11.42","14,71",6,2,21.51,"2023-02-22","2023-02-22","2025-11-03","12 000 000,00","TAK","www.arche.pl"
"ALR0524","ALIOR BANK","PLN","GPW RR","1 000,00",2023-11-16,3,2024-05-16,179,"zmienne","WIBOR 6M","3%","9.95","34,35",26,9,348.6,"2016-05-11","2016-05-11","2024-05-16","70 000 000,00","NIE","www.aliorbank.pl"
"ALR0626","ALIOR BANK","PLN","GPW RR","400 000,00",NA,NA,2023-12-26,37,"zmienne","WIBOR 6M","3.1%","10.05","9 361,64",0,0,0,"2023-06-30","2023-06-30","2026-06-26","400 000 000,00","NIE","www.aliorbank.pl"
"ALR0924","ALIOR BANK","PLN","BS ASO","1 000,00",2023-09-26,54,2024-03-26,128,"zmienne","WIBOR 6M","3.14%","10.1",NA,1,1,105.07,"2014-12-19","2014-12-19","2024-09-26","321 700 000,00","NIE","www.aliorbank.pl"
"ALR1025","ALIOR BANK","PLN","GPW ASO, BS ASO","1 000,00",2023-10-20,30,2024-04-20,153,"zmienne","WIBOR 6M","2.7%","9.65","40,19",0,0,0,"2017-12-21","2017-12-21","2025-10-20","600 000 000,00","NIE","www.aliorbank.pl"
"ALR1025","ALIOR BANK","PLN","GPW ASO, BS ASO","1 000,00",2023-10-20,30,2024-04-20,153,"zmienne","WIBOR 6M","2.7%","9.65","40,19",298,21,5492.69,"2017-12-21","2017-12-21","2025-10-20","600 000 000,00","NIE","www.aliorbank.pl"
"ALR1225","ALIOR BANK","PLN","GPW RR","400 000,00",2023-06-29,143,2023-12-29,40,"zmienne","WIBOR 6M","2.7%","9.65","8 671,78",2,2,823.65,"2018-01-08","2018-01-08","2025-12-29","150 000 000,00","NIE","www.aliorbank.pl"
"ANW1223","ANWIM","PLN","GPW ASO","1 000,00",2023-09-17,63,2023-12-18,29,"zmienne","WIBOR 3M","4%","10.9","0,54",6,4,38.11,"2021-04-15","2021-04-15","2023-12-18","50 000 000,00","TAK","www.anwim.pl"
"ANW1224","ANWIM","PLN","GPW ASO","1 000,00",2023-09-17,63,2023-12-17,28,"zmienne","WIBOR 3M","4%","10.9","0,54",0,0,0,"2022-02-28","2022-02-28","2024-12-17","25 000 000,00","TAK","www.anwim.pl"
"AOW0125","AOW FAKTORING","PLN","GPW ASO","100,00",2023-10-25,25,2024-01-25,67,"zmienne","WIBOR 3M","5.1%","11.89","1,82",10,8,13.48,"2022-05-17","2022-05-17","2025-01-25","10 000 000,00","TAK","www.aow.pl"
"AOW0424","AOW FAKTORING","PLN","GPW ASO","50,00",2023-10-30,20,2024-01-30,72,"stałe","","6%","6","0,42",1,1,2.77,"2021-11-09","2021-11-09","2024-04-30","5 000 000,00","TAK","www.aow.pl"
"AOW1225","AOW FAKTORING","PLN","GPW ASO","1 000,00",2023-09-14,66,2023-12-14,25,"zmienne","WIBOR 3M","6%","12.01","1,65",21,10,150.12,"2023-07-18","2023-07-18","2025-12-14","5 844 000,00","TAK","www.aow.pl"
"ARH0324","ARCHICOM","PLN","GPW ASO","1 000,00",2023-09-18,62,2023-12-18,29,"zmienne","WIBOR 3M","3.2%","10.1","0,25",0,0,0,"2022-08-11","2022-08-11","2024-03-15","110 000 000,00","NIE","www.archicom.pl"
"ARH0325","ARCHICOM","PLN","GPW ASO","1 000,00",2023-09-18,62,2023-12-18,29,"zmienne","WIBOR 3M","3.5%","10.4","0,26",0,0,0,"2023-06-09","2023-06-09","2025-03-17","62 000 000,00","NIE","www.archicom.pl"
"ATL0524","ATAL","PLN","GPW ASO","1 000,00",2023-11-15,4,2024-05-15,178,"zmienne","WIBOR 6M","1.65%","8.6","30,87",0,0,0,"2023-05-22","2023-05-22","2024-05-15","70 000 000,00","NIE","www.atal.pl"
"ATL0525","ATAL","PLN","GPW ASO","1 000,00",2023-11-15,4,2024-05-15,178,"zmienne","WIBOR 6M","2%","8.95","32,12",0,0,0,"2023-05-22","2023-05-22","2025-05-15","80 000 000,00","NIE","www.atal.pl"
"ATL1023","ATAL","PLN","GPW ASO","1 000,00",2023-10-05,45,NA,NA,"zmienne","WIBOR 6M","1.75%","8.7","39,81",0,0,0,"2021-10-14","2021-10-14","2023-10-05","120 000 000,00","NIE","www.atal.pl"
"BBI0225","BBI DEVELOPMENT","PLN","GPW ASO","1 000,00",2023-08-22,89,2024-02-22,95,"zmienne","WIBOR 6M","7.75%","14.29","10,96",10,6,35.24,"2023-04-11","2023-04-11","2025-02-24","37 000 000,00","NIE","www.bbidevelopment.pl"
"BOS0724","BOŚ SA","PLN","BS ASO","1 000,00",2023-07-11,131,2024-01-11,53,"zmienne","WIBOR 6M","2.3%","9.22","17,68",0,0,0,"2014-08-08","2014-08-08","2024-07-11","150 000 000,00","NIE","www.bosbank.pl"
"BPO0626","BANK POCZTOWY","PLN","GPW ASO","100,00",2023-06-08,164,2023-12-08,19,"zmienne","WIBOR 6M","2.8%","9.75","2,75",51,12,269.46,"2016-09-08","2016-09-08","2026-06-08","50 000 000,00","NIE","www.pocztowy.pl"
"BS10327","BEST","PLN","GPW RR","100,00",2023-09-14,66,2023-12-14,25,"zmienne","WIBOR 3M","4.5%","11.1","0,15",85,19,531.87,"2023-04-04","2023-04-04","2027-03-14","11 226 000,00","NIE","www.best.com.pl"
"BST0128","BEST","PLN","GPW RR","100,00",2023-10-25,25,2024-01-25,67,"zmienne","WIBOR 3M","5%","11.81","1,81",139,20,1317.48,"2023-08-11","2023-08-11","2028-01-25","20 000 000,00","NIE","www.best.com.pl"
"BST0224","BEST","PLN","GPW ASO","100,00",2023-11-15,4,2024-02-15,88,"zmienne","WIBOR 3M","3.75%","10.45","1,00",0,0,0,"2021-08-04","2021-08-04","2024-02-15","20 000 000,00","NIE","www.best.com.pl"
"BST0226","BEST","PLN","GPW ASO","100,00",2023-11-17,2,2024-02-17,90,"zmienne","WIBOR 3M","3.85%","10.55","0,95",0,0,0,"2022-08-05","2022-08-05","2026-02-17","10 000 000,00","NIE","www.best.com.pl"
"BST0228","BEST","PLN","GPW RR","100,00",NA,NA,2023-11-25,6,"zmienne","WIBOR 3M","5%","11.68","0,80",268,11,1958.7,"2023-09-15","2023-09-15","2028-02-25","30 000 000,00","NIE","www.best.com.pl"
"BST0327","BEST","PLN","GPW RR","100,00",2023-09-07,73,2023-12-07,18,"zmienne","WIBOR 3M","4%","10.67","0,35",13,10,50.5,"2022-03-24","2022-03-24","2027-03-07","10 508 500,00","NIE","www.best.com.pl"
"BST0726","BEST","PLN","GPW ASO","100,00",2023-10-23,27,2024-01-23,65,"stałe","","4.4%","4.4","0,70",17,9,68.31,"2021-08-12","2021-08-12","2026-07-23","10 667 700,00","NIE","www.best.com.pl"
"BST1026","BEST","PLN","GPW RR","100,00",2023-10-08,42,2024-01-08,50,"zmienne","WIBOR 3M","4.2%","11.1","2,22",12,9,111.29,"2021-11-02","2021-11-02","2026-10-08","10 000 000,00","NIE","www.best.com.pl"
"BST1226","BEST","PLN","GPW RR","100,00",2023-09-20,60,2023-12-20,31,"zmienne","WIBOR 3M","4.5%","11.4",NA,86,17,369.63,"2023-01-05","2023-01-05","2026-12-20","13 528 700,00","NIE","www.best.com.pl"
"CA11225","CAVATINA HOLDING","PLN","GPW RR","1 000,00",2023-06-30,142,2023-12-30,41,"zmienne","WIBOR 6M","6%","12.95","28,74",27,11,275.17,"2022-07-25","2022-07-25","2025-12-30","20 000 000,00","TAK","www.cavatina.pl"
"CAV0526","CAVATINA HOLDING","PLN","GPW RR","1 000,00",2023-11-17,2,2024-05-17,180,"zmienne","WIBOR 6M","6%","12.95","44,35",19,7,195.18,"2022-11-22","2022-11-22","2026-05-17","16 738 000,00","TAK","www.cavatina.pl"
"CAV0925","CAVATINA HOLDING","PLN","GPW RR","1 000,00",2023-09-08,72,2024-03-08,110,"zmienne","WIBOR 6M","6%","12.45","3,75",96,21,753.86,"2022-03-11","2022-03-11","2025-09-08","40 695 000,00","TAK","www.cavatina.pl"
"CAV1225","CAVATINA HOLDING","PLN","GPW RR","1 000,00",2023-06-30,142,2023-12-30,41,"zmienne","WIBOR 6M","6%","12.95","28,74",46,15,351.66,"2022-07-05","2022-07-05","2025-12-30","40 000 000,00","TAK","www.cavatina.pl"
"CAV1226","CAVATINA HOLDING","PLN","GPW RR","1 000,00",NA,NA,2023-12-05,16,"zmienne","WIBOR 6M","6%","12.95","37,61",73,19,743.4,"2023-06-14","2023-06-14","2026-12-05","25 000 000,00","TAK","www.cavatina.pl"
"CVH0624","CAVATINA HOLDING","PLN","GPW ASO","1 000,00",2023-06-21,151,2023-12-21,32,"zmienne","WIBOR 6M","6.5%","13.45","33,16",37,13,324.38,"2021-01-08","2021-01-08","2024-06-21","20 000 000,00","TAK","www.cavatina.pl"
"CVH1224","CAVATINA HOLDING","PLN","GPW ASO","1 000,00",2023-06-22,150,2023-12-22,33,"zmienne","WIBOR 6M","6.5%","13.45","32,80",38,14,291.43,"2021-06-29","2021-06-29","2024-12-22","20 500 000,00","TAK","www.cavatina.pl"
"CCC0626","CCC","PLN","GPW ASO, BS ASO","1 000,00",2023-06-29,143,2023-12-29,40,"zmienne","WIBOR 6M","4.5%","11.45","25,72",0,0,0,"2018-12-28","2018-12-28","2026-06-29","200 765 000,00","TAK","www.ccc.eu"
"CCC0626","CCC","PLN","GPW ASO, BS ASO","1 000,00",2023-06-29,143,2023-12-29,40,"zmienne","WIBOR 6M","4.5%","11.45","25,72",212,21,2340.03,"2018-12-28","2018-12-28","2026-06-29","200 765 000,00","TAK","www.ccc.eu"
"CPF0724","CORDIA POLSKA FINANCE","PLN","GPW ASO","1 000,00",2023-07-13,129,2024-01-13,55,"zmienne","WIBOR 6M","4.25%","11.17","20,81",21,12,316.31,"2021-07-29","2021-07-29","2024-07-15","68 797 000,00","TAK","www.cordiapolska.pl/"
"CPS0130","CYFROWY POLSAT","PLN","GPW ASO","1 000,00",2023-07-11,131,2024-01-11,53,"zmienne","WIBOR 6M","3.35%","10.27","19,70",62,20,1521.26,"2023-01-20","2023-01-20","2030-01-11","2 670 000 000,00","NIE","www.grupapolsat.pl"
"CPS0227","CYFROWY POLSAT","PLN","GPW ASO","1 000,00",2023-08-14,97,2024-02-14,87,"zmienne","WIBOR 6M","1.65%","8.22","8,11",32,7,4252.19,"2020-02-24","2020-02-24","2027-02-12","164 009 000,00","NIE","www.grupapolsat.pl"
"CPS0426","CYFROWY POLSAT","PLN","GPW ASO","1 000,00",2023-10-26,24,2024-04-26,159,"zmienne","WIBOR 6M","1.75%","8.7","34,80",39,15,339.07,"2019-05-31","2019-05-31","2026-04-24","308 048 000,00","NIE","www.grupapolsat.pl"
"CSA0726","COGNOR","PLN","GPW ASO","600,00",2023-07-15,127,2024-01-15,57,"zmienne","WIBOR 6M","3.4%","9.7","10,52",7,5,45.94,"2021-07-29","2021-07-29","2026-07-15","120 000 000,00","NIE","www.cognor.pl"
"DDW0824","DEKPOL DEWELOPER","PLN","GPW ASO","1 000,00",2023-08-01,110,2024-02-01,74,"zmienne","WIBOR 6M","5.3%","11.94","16,03",2,2,11.2,"2023-09-14","2023-09-14","2024-08-01","10 000 000,00","TAK","https://dekpol.pl/mieszkania/"
"DEK0624","DEKPOL","PLN","GPW ASO","1 000,00",2023-06-22,150,2023-12-22,33,"zmienne","WIBOR 6M","5.4%","12.35","30,11",15,7,114.26,"2021-03-23","2021-03-23","2024-06-22","11 000 000,00","NIE","www.dekpol.pl"
"DEK0626","DEKPOL","PLN","GPW RR","1 000,00",2023-09-27,53,2023-12-27,38,"zmienne","WIBOR 3M","5.5%","12.4","28,54",102,18,1053.54,"2023-06-30","2023-06-30","2026-06-27","40 000 000,00","NIE","www.dekpol.pl"
"DEK1023","DEKPOL","PLN","GPW ASO","1 000,00",2023-10-28,22,NA,NA,"zmienne","WIBOR 6M","4.9%","11.85","46,75",14,4,270.96,"2020-11-12","2020-11-12","2023-10-28","47 228 000,00","TAK","www.dekpol.pl"
"DKP0225","DEKPOL","PLN","GPW RR","1 000,00",2023-11-13,6,2024-02-13,86,"zmienne","WIBOR 3M","4.7%","11.4","11,56",27,14,186.95,"2021-08-19","2021-08-19","2025-02-13","25 000 000,00","NIE","www.dekpol.pl"
"DKP0626","DEKPOL","PLN","","1 000,00",2023-09-27,53,2023-12-27,38,"zmienne","WIBOR 3M","5.5%","12.3","19,21",109,21,989.38,"2023-07-28","2023-07-28","2026-06-27","30 000 000,00","NIE","www.dekpol.pl"
"DKP0824","DEKPOL","PLN","GPW ASO","1 000,00",2023-05-23,180,2023-11-23,4,"zmienne","WIBOR 6M","5.3%","12.25","39,94",40,14,365.52,"2021-03-02","2021-03-02","2024-08-23","39 150 000,00","NIE","www.dekpol.pl"
"DKP0925","DEKPOL","PLN","GPW RR","1 000,00",2023-09-22,58,2023-12-22,33,"zmienne","WIBOR 3M","4.6%","11.5",NA,15,9,121.28,"2022-04-04","2022-04-04","2025-09-22","12 102 000,00","NIE","www.dekpol.pl"
"DNP1023","DINO POLSKA","PLN","GPW ASO","1 000,00",2023-10-06,44,NA,NA,"zmienne","WIBOR 3M","1.3%","8.2","16,85",4,4,21.29,"2020-10-16","2020-10-16","2023-10-06","250 000 000,00","TAK","www.grupadino.pl"
"DNP1025","DINO POLSKA","PLN","GPW ASO","1 000,00",2023-10-20,30,2024-01-22,64,"zmienne","WIBOR 3M","1.2%","8.01","13,39",0,0,0,"2022-01-04","2022-01-04","2025-10-20","200 000 000,00","TAK","www.grupadino.pl"
"DOM0526","DOM DEVELOPMENT","PLN","GPW ASO","1 000,00",2023-11-12,7,2024-05-12,175,"zmienne","WIBOR 6M","1.3%","8.25","29,38",1,1,1.05,"2021-06-02","2021-06-02","2026-05-12","110 000 000,00","NIE","www.domd.pl"
"DOM0925","DOM DEVELOPMENT","PLN","GPW ASO","1 000,00",2023-09-25,55,2024-03-25,127,"zmienne","WIBOR 6M","1.75%","8.7",NA,0,0,0,"2020-10-14","2020-10-14","2025-09-25","100 000 000,00","NIE","www.domd.pl"
"DOM1023","DOM DEVELOPMENT","PLN","GPW ASO, BS ASO","1 000,00",2023-10-09,41,NA,NA,"zmienne","WIBOR 6M","1.5%","8.45","37,74",0,0,0,"2019-01-09","2019-01-09","2023-10-09","50 000 000,00","NIE","www.domd.pl"
"DOM1023","DOM DEVELOPMENT","PLN","GPW ASO, BS ASO","1 000,00",2023-10-09,41,NA,NA,"zmienne","WIBOR 6M","1.5%","8.45","37,74",0,0,0,"2019-01-09","2019-01-09","2023-10-09","50 000 000,00","NIE","www.domd.pl"
"DOM1224","DOM DEVELOPMENT","PLN","GPW ASO","1 000,00",2023-06-12,160,2023-12-12,23,"zmienne","WIBOR 6M","1.5%","8.45","22,92",1,1,10.24,"2020-01-15","2020-01-15","2024-12-12","50 000 000,00","NIE","www.domd.pl"
"DST0324","DOMESTA","PLN","GPW ASO","1 000,00",2023-09-09,71,2023-12-09,20,"stałe","","5.75%","5.75","1,58",0,0,0,"2023-08-29","2023-08-29","2024-03-09","18 500 000,00","TAK","www.domesta.com.pl"
"DVL0326","DEVELIA","PLN","GPW ASO","1 000,00",2023-09-27,53,2023-12-27,38,"zmienne","WIBOR 3M","4.1%","11","25,32",0,0,0,"2023-06-20","2023-06-20","2026-03-27","180 000 000,00","NIE","www.develia.pl"
"DVL0524","DEVELIA","PLN","GPW ASO","1 000,00",2023-11-11,8,2024-02-11,84,"zmienne","WIBOR 3M","2.95%","9.65","10,31",3,2,46.68,"2021-07-02","2021-07-02","2024-05-10","120 310 000,00","NIE","www.develia.pl"
"DVL0726","DEVELIA","PLN","GPW ASO","1 000,00",2023-10-06,44,2024-01-05,47,"zmienne","WIBOR 3M","3.58%","10.48","21,53",0,0,0,"2023-08-10","2023-08-10","2026-07-06","100 000 000,00","NIE","www.develia.pl"
"DVL1023","DEVELIA","PLN","GPW ASO","1 000,00",2023-10-06,44,NA,NA,"zmienne","WIBOR 3M","3.3%","10.2","20,68",0,0,0,"2020-12-15","2020-12-15","2023-10-06","61 800 000,00","NIE","www.develia.pl"
"DVL1024","DEVELIA","PLN","GPW ASO","1 000,00",2023-10-08,42,2024-01-08,50,"zmienne","WIBOR 3M","2.7%","9.6","19,20",0,0,0,"2021-12-17","2021-12-17","2024-10-08","100 000 000,00","NIE","www.develia.pl"
"DVL1225","DEVELIA","PLN","GPW RR","1 000,00",2023-09-20,60,2023-12-20,31,"zmienne","WIBOR 3M","4.1%","11",NA,52,16,745.67,"2022-12-28","2022-12-28","2025-12-20","15 442 000,00","NIE","www.develia.pl"
"EC11024","ECHO INVESTMENT","PLN","GPW ASO","1 000,00",2023-10-22,28,2024-04-22,155,"stałe","","5%","5","20,55",58,15,752.18,"2021-06-07","2021-06-07","2024-10-22","188 000 000,00","NIE","www.echo.com.pl"
"ECH0125","ECHO INVESTMENT","PLN","GPW RR","100,00",2023-07-10,132,2024-01-10,52,"zmienne","WIBOR 6M","4%","10.92","2,12",26,11,1289.72,"2022-02-04","2022-02-04","2025-01-10","50 000 000,00","NIE","www.echo.com.pl"
"ECH0226","ECHO INVESTMENT","PLN","GPW RR","100,00",2023-08-22,89,2024-02-22,95,"zmienne","WIBOR 6M","4%","10.54","0,81",16,12,364.47,"2022-03-22","2022-03-22","2026-02-22","50 000 000,00","NIE","www.echo.com.pl"
"ECH0325","ECHO INVESTMENT","PLN","GPW ASO","10 000,00",2023-09-17,63,2024-03-17,119,"zmienne","WIBOR 6M","4.45%","11.44","5,56",30,11,851.31,"2021-05-26","2021-05-26","2025-03-17","195 000 000,00","NIE","www.echo.com.pl"
"ECH0426","ECHO INVESTMENT","PLN","GPW RR","100,00",2023-10-27,23,2024-04-27,160,"zmienne","WIBOR 6M","4%","10.95","4,35",17,8,240.16,"2022-06-07","2022-06-07","2026-04-27","40 000 000,00","NIE","www.echo.com.pl"
"ECH0524","ECHO INVESTMENT","PLN","GPW ASO","10 000,00",2023-06-02,170,2023-12-02,13,"zmienne","WIBOR 6M","4.5%","11.45","341,93",9,6,167.9,"2020-07-13","2020-07-13","2024-05-31","70 000 000,00","NIE","www.echo.com.pl"
"ECH0528","ECHO INVESTMENT","PLN","GPW ASO","10 000,00",NA,NA,2023-11-24,5,"zmienne","WIBOR 6M","4.5%","11.45","370,16",0,0,0,"2023-08-31","2023-08-31","2028-05-24","140 000 000,00","NIE","www.echo.com.pl"
"ECH0626","ECHO INVESTMENT","PLN","GPW RR","100,00",2023-06-27,145,2023-12-27,38,"zmienne","WIBOR 6M","4%","10.95","2,52",59,14,403.45,"2022-08-03","2022-08-03","2026-06-27","40 000 000,00","NIE","www.echo.com.pl"
"ECH0627","ECHO INVESTMENT","PLN","GPW RR","100,00",NA,NA,2023-12-28,39,"zmienne","WIBOR 6M","4%","10.95","2,49",55,15,748.36,"2023-08-01","2023-08-01","2027-06-28","50 000 000,00","NIE","www.echo.com.pl"
"ECH0926","ECHO INVESTMENT","PLN","","100,00",2023-09-06,74,2024-03-06,108,"zmienne","WIBOR 6M","4%","10.47","0,37",54,16,436.73,"2022-10-17","2022-10-17","2026-09-06","25 000 000,00","NIE","www.echo.com.pl"
"ECH1123","ECHO INVESTMENT","PLN","GPW RR","100,00",2023-11-08,11,NA,NA,"zmienne","WIBOR 6M","3.4%","10.35","3,80",69,15,896.42,"2018-11-09","2018-11-09","2023-11-08","50 000 000,00","NIE","www.echo.com.pl"
"ECH1125","ECHO INVESTMENT","PLN","GPW ASO","10 000,00",2023-11-10,9,2024-05-10,173,"zmienne","WIBOR 6M","4.4%","11.35","410,47",2,2,21.04,"2022-01-10","2022-01-10","2025-11-10","172 000 000,00","NIE","www.echo.com.pl"
"ECH1227","ECHO INVESTMENT","PLN","GPW ASO","10 000,00",2023-06-08,164,2023-12-08,19,"zmienne","WIBOR 6M","4.5%","11.45","323,11",0,0,0,"2023-02-17","2023-02-17","2027-12-08","180 000 000,00","NIE","www.echo.com.pl"
"EIB0925","EUROPEJSKI BANK","PLN","GPW RR","1 000,00",2023-09-25,55,2024-09-25,311,"stałe","","7%","7","67,12",0,0,0,"2022-10-26","2022-10-26","2025-09-25","1 500 000 000,00","NIE",""
"ENA0624","ENEA","PLN","GPW ASO, BS ASO","100 000,00",2023-06-26,146,2023-12-26,37,"zmienne","WIBOR 6M","1.2%","8.15","1 897,95",0,0,0,"2019-09-27","2019-09-27","2024-06-26","2 000 000 000,00","NIE","www.enea.pl"
"ENA0624","ENEA","PLN","GPW ASO, BS ASO","100 000,00",2023-06-26,146,2023-12-26,37,"zmienne","WIBOR 6M","1.2%","8.15","1 897,95",8,6,3789.82,"2019-09-27","2019-09-27","2024-06-26","2 000 000 000,00","NIE","www.enea.pl"
"ERB0925","ERBUD","PLN","GPW ASO","1 000,00",2023-09-23,57,2024-03-23,125,"zmienne","WIBOR 6M","2.6%","9.57",NA,13,10,145.3,"2021-09-30","2021-09-30","2025-09-23","75 000 000,00","NIE","www.erbud.pl"
"EUR1225","EUROCASH","PLN","GPW ASO","1 000,00",2023-06-23,149,2023-12-27,38,"zmienne","WIBOR 6M","2.25%","9.2","22,18",22,11,271.3,"2021-01-07","2021-01-07","2025-12-23","125 000 000,00","NIE","www.grupaeurocash.pl"
"EVC0624","EVEREST CAPITAL","PLN","GPW ASO","1 000,00",2023-09-18,62,2024-03-18,120,"zmienne","WIBOR 6M","5%","12","0,30",0,0,0,"2021-01-14","2021-01-14","2024-06-25","9 000 000,00","TAK","www.bocianpozyczki.pl"
"GEA0624","GRENEVIA","PLN","GPW ASO, BS ASO","1 000,00",2023-06-27,145,2023-12-27,38,"zmienne","WIBOR 6M","2.6%","9.55","21,98",0,0,0,"2019-10-04","2019-10-04","2024-06-27","200 000 000,00","NIE","www.grenevia.com"
"GEA0624","GRENEVIA","PLN","GPW ASO, BS ASO","1 000,00",2023-06-27,145,2023-12-27,38,"zmienne","WIBOR 6M","2.6%","9.55","21,98",6,4,565.4,"2019-10-04","2019-10-04","2024-06-27","200 000 000,00","NIE","www.grenevia.com"
"GEA1126","GRENEVIA","PLN","GPW ASO","1 000,00",2023-11-03,16,2024-05-03,166,"zmienne","WIBOR 6M","2.9%","9.85","37,51",2,2,22.33,"2021-11-10","2021-11-10","2026-11-03","400 000 000,00","NIE","www.grenevia.com"
"GHE0124","GHELAMCO INVEST","PLN","GPW RR","100,00",2023-07-15,127,2024-01-15,57,"stałe","","6.1%","6.1","1,10",197,20,4484.44,"2020-07-22","2020-07-22","2024-01-15","205 000 000,00","TAK","www.ghelamco.com"
"GHE0226","GHELAMCO INVEST","PLN","GPW ASO","1 000,00",2023-08-03,108,2024-02-03,76,"zmienne","WIBOR 6M","5%","11.62","14,96",184,21,2229.82,"2023-02-10","2023-02-10","2026-02-03","240 000 000,00","TAK","www.ghelamco.com"
"GHE0924","GHELAMCO INVEST","PLN","GPW ASO","1 000,00",2023-09-25,55,2024-03-25,127,"zmienne","WIBOR 6M","5%","11.96",NA,0,0,0,"2020-10-01","2020-10-01","2024-09-25","50 000 000,00","TAK","www.ghelamco.com"
"GHE1224","GHELAMCO INVEST","PLN","GPW ASO","1 000,00",2023-06-16,156,2023-12-16,27,"zmienne","WIBOR 6M","5%","11.95","31,10",0,0,0,"2020-12-18","2020-12-18","2024-12-16","45 000 000,00","TAK","www.ghelamco.com"
"GHI0725","GHELAMCO INVEST","PLN","GPW ASO","1 000,00",2023-07-16,126,2024-01-16,58,"zmienne","WIBOR 6M","5%","11.79","21,00",13,8,160.26,"2021-07-23","2021-07-23","2025-07-16","30 000 000,00","TAK","www.ghelamco.com"
"GHI0925","GHELAMCO INVEST","PLN","GPW ASO","1 000,00",2023-09-29,51,2024-03-29,131,"zmienne","WIBOR 6M","5%","11.95","56,97",56,13,457.35,"2022-01-11","2022-01-11","2025-09-29","170 000 000,00","TAK","www.ghelamco.com"
"GHI1224","GHELAMCO INVEST","PLN","GPW ASO","1 000,00",2023-06-16,156,2023-12-16,27,"zmienne","WIBOR 6M","5%","11.95","31,10",96,18,3714.27,"2021-03-15","2021-03-15","2024-12-16","400 000 000,00","TAK","www.ghelamco.com"
"GHL0124","GHELAMCO INVEST","PLN","GPW RR","100,00",2023-07-15,127,2024-01-15,57,"zmienne","WIBOR 6M","5%","11.8","2,13",16,12,49.96,"2020-08-12","2020-08-12","2024-01-15","19 672 600,00","TAK","www.ghelamco.com"
"GHS0124","GHELAMCO INVEST","PLN","GPW RR","100,00",2023-07-15,127,2024-01-15,57,"stałe","","5.5%","5.5","0,99",48,13,849.42,"2020-10-06","2020-10-06","2024-01-15","55 000 000,00","TAK","www.ghelamco.com"
"GTC1123","GTC","PLN","BS ASO","333,34",2023-11-04,15,NA,NA,"zmienne","WIBOR 6M","4.15%","11.1","13,99",0,0,0,"2019-11-12","2019-11-12","2023-11-04","146 667 400,00","NIE","www.gtcgroup.com"
"HBR1223","HB REAVIS FINANCE PL 3","PLN","GPW ASO","1 000,00",2023-06-08,164,2023-12-08,19,"zmienne","WIBOR 6M","5.75%","12.7","35,84",4,3,20.81,"2020-12-15","2020-12-15","2023-12-08","85 000 000,00","TAK","https://hbreavis.com/bond/hbrfinancepl3/"
"I2D0324","I2 DEVELOPMENT","PLN","GPW ASO","1 000,00",2023-09-16,64,2023-12-16,27,"stałe","","5.07%","5.07","0,42",22,12,497.39,"2022-03-03","2022-03-03","2024-03-16","17 939 000,00","TAK","www.i2development.pl"
"I2M0324","I2 DEVELOPMENT","PLN","GPW ASO","1 000,00",2023-09-16,64,2023-12-16,27,"stałe","","5.07%","5.07","0,42",16,10,150.17,"2022-03-03","2022-03-03","2024-03-16","9 608 000,00","TAK","www.i2development.pl"
"INF0326","INFINITY","PLN","GPW ASO","1 000,00",2023-09-16,64,2023-12-16,27,"zmienne","WIBOR 3M","5.6%","12.5","0,94",6,3,47.16,"2023-07-21","2023-07-21","2026-03-16","12 000 000,00","TAK","www.profbud.info"
"INY0225","INFINITY","PLN","GPW ASO","800,00",2023-11-10,9,2024-02-10,83,"zmienne","WIBOR 3M","4.8%","11.51","10,09",15,8,174.55,"2022-04-27","2022-04-27","2025-02-10","18 400 000,00","TAK","www.profbud.info"
"INY0725","INFINITY","PLN","GPW ASO","800,00",2023-10-12,38,2024-01-12,54,"zmienne","WIBOR 3M","4.8%","11.7","17,69",0,0,0,"2022-11-14","2022-11-14","2025-07-12","9 600 000,00","TAK","www.profbud.info"
"INY0924","INFINITY","PLN","GPW ASO","700,00",2023-09-03,77,2023-12-03,14,"zmienne","WIBOR 3M","5.25%","11.91","3,65",10,5,50.72,"2022-01-13","2022-01-13","2024-09-03","7 700 000,00","TAK","www.profbud.info"
"INP1025","INPRO SA","PLN","GPW ASO","1 000,00",2023-10-07,43,2024-04-07,140,"zmienne","WIBOR 6M","2.75%","9.7","43,85",0,0,0,"2021-10-14","2021-10-14","2025-10-07","35 000 000,00","TAK","www.inpro.com.pl"
"INS0126","INDOS","PLN","GPW ASO","100,00",2023-10-04,46,2024-01-04,46,"zmienne","WIBOR 3M","5%","11.9","2,51",0,0,0,"2022-10-24","2022-10-24","2026-01-04","15 000 000,00","TAK","www.indos.pl"
"INS0127","INDOS","PLN","GPW ASO","1 000,00",2023-10-19,31,2024-01-19,61,"zmienne","WIBOR 3M","5.8%","12.64","21,47",1,1,14.51,"2023-08-29","2023-08-29","2027-01-19","15 000 000,00","TAK","www.indos.pl"
"INS0526","INDOS","PLN","GPW ASO","1 000,00",2023-08-23,88,2023-11-23,4,"zmienne","WIBOR 3M","5.5%","12.18","9,01",1,1,5.11,"2023-02-17","2023-02-17","2026-05-23","5 500 000,00","TAK","www.indos.pl"
"IPT0627","INPOST SOCIÉTÉ ANONYME W LUKSE","PLN","GPW ASO","500 000,00",2023-07-08,134,2024-01-08,50,"zmienne","WIBOR 6M","2.5%","9.42","9 420,00",0,0,0,"2021-07-16","2021-07-16","2027-06-29","500 000 000,00","TAK",""
"JHM1225","JHM DEVELOPMENT","PLN","GPW ASO","1 000,00",2023-06-17,155,2023-12-17,28,"zmienne","WIBOR 6M","4.9%","11.85","30,52",0,0,0,"2021-12-28","2021-12-28","2025-12-17","50 000 000,00","TAK","www.jhmdevelopment.pl"
"KGH0624","KGHM POLSKA MIEDŹ SA","PLN","GPW ASO, BS ASO","1 000,00",2023-06-27,145,2023-12-27,38,"zmienne","WIBOR 6M","1.18%","8.13","18,71",0,0,0,"2019-10-03","2019-10-03","2024-06-27","400 000 000,00","NIE","www.kghm.com"
"KGH0624","KGHM POLSKA MIEDŹ SA","PLN","GPW ASO, BS ASO","1 000,00",2023-06-27,145,2023-12-27,38,"zmienne","WIBOR 6M","1.18%","8.13","18,71",38,10,763.73,"2019-10-03","2019-10-03","2024-06-27","400 000 000,00","NIE","www.kghm.com"
"KGH0629","KGHM POLSKA MIEDŹ SA","PLN","GPW ASO, BS ASO","1 000,00",2023-06-27,145,2023-12-27,38,"zmienne","WIBOR 6M","1.65%","8.6","19,79",0,0,0,"2019-10-03","2019-10-03","2029-06-27","1 600 000 000,00","NIE","www.kghm.com"
"KGH0629","KGHM POLSKA MIEDŹ SA","PLN","GPW ASO, BS ASO","1 000,00",2023-06-27,145,2023-12-27,38,"zmienne","WIBOR 6M","1.65%","8.6","19,79",94,19,8182.83,"2019-10-03","2019-10-03","2029-06-27","1 600 000 000,00","NIE","www.kghm.com"
"KIN1025","KREDYT INKASO","PLN","GPW RR","100,00",2023-09-30,50,2023-12-31,42,"zmienne","WIBOR 3M","4.9%","11.8","2,62",21,10,190.78,"2022-04-29","2022-04-29","2025-10-23","17 009 700,00","NIE","www.kredytinkaso.pl"
"KRI0329","KREDYT INKASO","PLN","GPW ASO","1 000,00",2023-09-28,52,2024-03-28,130,"zmienne","WIBOR 6M","4.9%","11.85","56,82",47,11,579.97,"2022-09-13","2022-09-13","2029-03-28","103 000 000,00","TAK","www.kredytinkaso.pl"
"KRI0427","KREDYT INKASO","PLN","GPW RR","1 000,00",2023-10-14,36,2024-01-14,56,"zmienne","WIBOR 3M","5.5%","12.39","22,74",46,15,586.1,"2023-04-18","2023-04-18","2027-04-14","15 000 000,00","NIE","www.kredytinkaso.pl"
"KRI0726","KREDYT INKASO","PLN","GPW RR","100,00",2023-10-27,23,2024-01-27,69,"zmienne","WIBOR 3M","4.7%","11.44","1,69",17,10,62.62,"2022-08-16","2022-08-16","2026-07-27","15 679 300,00","NIE","www.kredytinkaso.pl"
"KRI0727","KREDYT INKASO","PLN","GPW RR","1 000,00",2023-10-13,37,2024-01-13,55,"zmienne","WIBOR 3M","5.5%","12.4","23,10",64,17,627.33,"2023-07-19","2023-07-19","2027-07-13","18 000 000,00","NIE","www.kredytinkaso.pl"
"KRI1025","KREDYT INKASO","PLN","GPW RR","100,00",2023-10-19,31,2024-01-19,61,"stałe","","6%","6","1,02",3,3,11.63,"2021-11-24","2021-11-24","2025-10-19","3 666 900,00","NIE","www.kredytinkaso.pl"
"KR10228","KRUK","PLN","GPW RR","100,00",2023-08-20,91,2023-11-20,1,"zmienne","WIBOR 3M","4%","10.68","0,91",70,19,360.87,"2023-03-13","2023-03-13","2028-02-20","50 000 000,00","NIE","www.kruksa.pl"
"KR10627","KRUK","PLN","GPW RR","100,00",2023-09-02,78,2023-12-02,13,"zmienne","WIBOR 3M","3.3%","9.96","0,49",54,14,375.87,"2022-06-23","2022-06-23","2027-06-02","50 000 000,00","NIE","www.kruksa.pl"
"KRU0129","KRUK","PLN","GPW ASO","1 000,00",2023-10-04,46,2024-01-04,46,"zmienne","WIBOR 3M","4.5%","11.4","24,05",0,0,0,"2023-01-30","2023-01-30","2029-01-04","120 000 000,00","NIE","www.kruksa.pl"
"KRU0224","KRUK","PLN","GPW RR","100,00",2023-11-06,13,2024-02-06,79,"zmienne","WIBOR 3M","3.5%","10.24","1,26",46,14,426.48,"2019-03-12","2019-03-12","2024-02-06","25 000 000,00","NIE","www.kruksa.pl"
"KRU0226","KRUK","PLN","GPW RR","100,00",2023-11-18,1,2024-02-18,91,"stałe","","4.2%","4.2","0,38",20,11,101.8,"2021-03-11","2021-03-11","2026-02-18","20 000 000,00","NIE","www.kruksa.pl"
"KRU0227","KRUK","PLN","GPW RR","100,00",2023-11-08,11,2024-02-08,81,"zmienne","WIBOR 3M","3.3%","10.04","1,18",40,15,315.23,"2022-03-01","2022-03-01","2027-02-08","50 000 000,00","NIE","www.kruksa.pl"
"KRU0228","KRUK","PLN","GPW ASO","1 000,00",2023-11-02,17,2024-02-02,75,"zmienne","WIBOR 3M","3.2%","9.92","13,05",2,1,10.05,"2022-03-28","2022-03-28","2028-02-02","350 000 000,00","NIE","www.kruksa.pl"
"KRU0325","KRUK","PLN","GPW ASO","1 000,00",2023-09-27,53,2023-12-27,38,"zmienne","WIBOR 3M","4%","10.9","25,08",16,10,159.47,"2019-05-27","2019-05-27","2025-03-27","115 000 000,00","NIE","www.kruksa.pl"
"KRU0625","KRUK","PLN","GPW ASO","1 000,00",2023-09-28,52,2023-12-28,39,"zmienne","WIBOR 3M","4%","10.9","24,79",11,7,67.64,"2019-09-17","2019-09-17","2025-06-28","50 000 000,00","NIE","www.kruksa.pl"
"KRU0626","KRUK","PLN","GPW ASO","100,00",2023-09-10,70,2023-12-10,21,"stałe","","4%","4","0,11",39,14,185.38,"2021-07-02","2021-07-02","2026-06-10","70 000 000,00","NIE","www.kruksa.pl"
"KRU0627","KRUK","PLN","GPW ASO","1 000,00",2023-09-28,52,2023-12-28,39,"zmienne","WIBOR 3M","3.7%","10.6","24,10",32,12,278.73,"2021-08-26","2021-08-26","2027-06-28","330 000 000,00","NIE","www.kruksa.pl"
"KRU0628","KRUK","PLN","GPW RR","100,00",2023-09-13,67,2023-12-13,24,"zmienne","WIBOR 3M","4%","10.07","0,19",100,19,1022.36,"2023-07-05","2023-07-05","2028-06-13","50 000 000,00","NIE","www.kruksa.pl"
"KRU0726","KRUK","PLN","GPW RR","100,00",2023-10-09,41,2024-01-09,51,"stałe","","4%","4","0,80",25,10,373.94,"2021-07-27","2021-07-27","2026-07-09","65 000 000,00","NIE","www.kruksa.pl"
"KRU0827","KRUK","PLN","GPW RR","100,00",2023-11-12,7,2024-02-12,85,"zmienne","WIBOR 3M","3.3%","10","1,07",71,16,1075.68,"2022-08-26","2022-08-26","2027-08-12","60 000 000,00","NIE","www.kruksa.pl"
"KRU0828","KRUK","PLN","GPW RR","100,00",2023-11-08,11,2024-02-08,81,"zmienne","WIBOR 3M","4%","10.74","1,27",359,21,7831.79,"2023-08-30","2023-08-30","2028-08-08","75 000 000,00","NIE","www.kruksa.pl"
"KRU0924","KRUK","PLN","GPW RR","100,00",2023-09-02,78,2023-12-02,13,"zmienne","WIBOR 3M","3.5%","10.17","0,50",34,16,176.79,"2019-09-20","2019-09-20","2024-09-02","25 000 000,00","NIE","www.kruksa.pl"
"KRU0925","KRUK","PLN","GPW RR","100,00",2023-09-25,55,2023-12-25,36,"stałe","","4.8%","4.8",NA,44,13,750.47,"2020-10-09","2020-10-09","2025-09-25","25 000 000,00","NIE","www.kruksa.pl"
"KRU1023","KRUK","PLN","GPW ASO","1 000,00",2023-10-12,38,NA,NA,"zmienne","WIBOR 3M","3.5%","10.4","19,66",0,0,0,"2019-03-05","2019-03-05","2023-10-12","35 000 000,00","NIE","www.kruksa.pl"
"KRU1123","KRUK","PLN","GPW RR","100,00",2023-08-27,84,2023-11-27,8,"zmienne","WIBOR 3M","3.5%","10.15","0,67",25,13,271.8,"2018-12-28","2018-12-28","2023-11-27","30 000 000,00","NIE","www.kruksa.pl"
"KRU1127","KRUK","PLN","GPW RR","100,00",2023-08-28,83,2023-11-28,9,"zmienne","WIBOR 3M","4%","10.7","0,67",58,19,459.12,"2022-12-16","2022-12-16","2027-11-28","35 000 000,00","NIE","www.kruksa.pl"
"KRU1226","KRUK","PLN","GPW RR","100,00",2023-09-16,64,2023-12-16,27,"zmienne","WIBOR 3M","3.4%","10.3","0,10",74,17,467.42,"2022-01-14","2022-01-14","2026-12-16","50 000 000,00","NIE","www.kruksa.pl"
"LKD0425","LOKUM DEWELOPER","PLN","GPW ASO","1 000,00",2023-10-19,31,2024-04-19,152,"zmienne","WIBOR 6M","4.2%","11.15","46,74",0,0,0,"2021-11-17","2021-11-17","2025-04-19","50 000 000,00","NIE","www.lokum-deweloper.pl"
"LKD0924","LOKUM DEWELOPER","PLN","GPW ASO","1 000,00",2023-09-05,75,2024-03-05,107,"zmienne","WIBOR 6M","4.5%","11.02","4,23",66,17,561.96,"2021-04-06","2021-04-06","2024-09-05","100 000 000,00","NIE","www.lokum-deweloper.pl"
"LPP1224","LPP","PLN","GPW ASO","1 000,00",2023-06-12,160,2023-12-12,23,"zmienne","WIBOR 6M","1.1%","8.05","21,83",0,0,0,"2019-12-18","2019-12-18","2024-12-12","300 000 000,00","NIE","www.lppsa.com"
"MBK0125","MBANK","PLN","GPW ASO, BS ASO","100 000,00",2023-07-17,125,2024-01-17,59,"zmienne","WIBOR 6M","2.1%","8.9","1 560,55",0,0,0,"2015-07-14","2015-07-14","2025-01-17","750 000 000,00","NIE","www.mbank.pl"
"MBK0125","MBANK","PLN","GPW ASO, BS ASO","100 000,00",2023-07-17,125,2024-01-17,59,"zmienne","WIBOR 6M","2.1%","8.9","1 560,55",14,10,2849.57,"2015-07-14","2015-07-14","2025-01-17","750 000 000,00","NIE","www.mbank.pl"
"MBK1028","MBANK","PLN","GPW ASO, BS ASO","500 000,00",2023-10-10,40,2024-04-10,143,"zmienne","WIBOR 6M","1.8%","8.75","19 417,81",0,0,0,"2019-02-28","2019-02-28","2028-10-10","550 000 000,00","NIE","www.mbank.pl"
"MBK1028","MBANK","PLN","GPW ASO, BS ASO","500 000,00",2023-10-10,40,2024-04-10,143,"zmienne","WIBOR 6M","1.8%","8.75","19 417,81",1,1,488.1,"2019-02-28","2019-02-28","2028-10-10","550 000 000,00","NIE","www.mbank.pl"
"MBK1030","MBANK","PLN","GPW ASO, BS ASO","500 000,00",2023-10-10,40,2024-04-10,143,"zmienne","WIBOR 6M","1.95%","8.9","19 750,68",0,0,0,"2019-02-28","2019-02-28","2030-10-10","200 000 000,00","NIE","www.mbank.pl"
"MBK1030","MBANK","PLN","GPW ASO, BS ASO","500 000,00",2023-10-10,40,2024-04-10,143,"zmienne","WIBOR 6M","1.95%","8.9","19 750,68",0,0,0,"2019-02-28","2019-02-28","2030-10-10","200 000 000,00","NIE","www.mbank.pl"
"MCI0227","MCI CAPITAL ASI","PLN","GPW ASO","100,00",2023-11-17,2,2024-02-19,92,"zmienne","WIBOR 3M","3.5%","10.19","0,89",177,21,965.67,"2022-03-08","2022-03-08","2027-02-18","80 636 700,00","TAK","www.mci.pl"
"MCI1126","MCI CAPITAL ASI","PLN","GPW RR","100,00",2023-11-15,4,2024-02-15,88,"zmienne","WIBOR 3M","3.5%","10.2","0,98",18,9,85.43,"2021-12-13","2021-12-13","2026-11-15","15 059 100,00","TAK","www.mci.pl"
"MCM0724","MCI MANAGEMENT SP. Z O.O","PLN","GPW ASO","1 000,00",2023-07-28,114,2024-01-28,70,"zmienne","WIBOR 6M","4.2%","10.86","15,77",0,0,0,"2021-12-30","2021-12-30","2024-07-28","20 000 000,00","TAK","www.mcimanagement.pl"
"MCM1223","MCI MANAGEMENT SP. Z O.O","PLN","GPW ASO, BS ASO","1 000,00",2023-06-14,158,2023-12-14,25,"stałe","","4.5%","4.5","11,96",0,0,0,"2021-03-18","2021-03-18","2023-12-14","21 734 000,00","TAK","www.mcimanagement.pl"
"MCM1223","MCI MANAGEMENT SP. Z O.O","PLN","GPW ASO, BS ASO","1 000,00",2023-06-14,158,2023-12-14,25,"stałe","","4.5%","4.5","11,96",12,6,74.49,"2021-03-18","2021-03-18","2023-12-14","21 734 000,00","TAK","www.mcimanagement.pl"
"MIL0129","BANK MILLENNIUM","PLN","GPW ASO, BS ASO","500 000,00",2023-07-31,111,2024-01-31,73,"zmienne","WIBOR 6M","2.3%","8.94","6 123,29",0,0,0,"2019-04-02","2019-04-02","2029-01-30","830 000 000,00","NIE","www.bankmillennium.pl"
"MIL0129","BANK MILLENNIUM","PLN","GPW ASO, BS ASO","500 000,00",2023-07-31,111,2024-01-31,73,"zmienne","WIBOR 6M","2.3%","8.94","6 123,29",2,2,845.85,"2019-04-02","2019-04-02","2029-01-30","830 000 000,00","NIE","www.bankmillennium.pl"
"MIL1227","BANK MILLENNIUM","PLN","GPW ASO, BS ASO","500 000,00",2023-06-08,164,2023-12-08,19,"zmienne","WIBOR 6M","2.3%","9.25","13 051,37",0,0,0,"2018-02-28","2018-02-28","2027-12-07","700 000 000,00","NIE","www.bankmillennium.pl"
"MIL1227","BANK MILLENNIUM","PLN","GPW ASO, BS ASO","500 000,00",2023-06-08,164,2023-12-08,19,"zmienne","WIBOR 6M","2.3%","9.25","13 051,37",2,2,900.35,"2018-02-28","2018-02-28","2027-12-07","700 000 000,00","NIE","www.bankmillennium.pl"
"MVP0227","MARVIPOL DEVELOPMENT","PLN","GPW RR","1 000,00",NA,NA,2024-02-04,77,"zmienne","WIBOR 6M","5.4%","12","15,12",198,21,2575.62,"2023-08-11","2023-08-11","2027-02-04","55 467 000,00","NIE","http://relacje.marvipoldevelopment.pl/"
"MVP0326","MARVIPOL DEVELOPMENT","PLN","GPW ASO","1 000,00",2023-09-04,76,2024-03-04,106,"zmienne","WIBOR 6M","5.5%","11.99","4,93",31,13,229.71,"2023-06-05","2023-06-05","2026-03-02","66 000 000,00","NIE","http://relacje.marvipoldevelopment.pl/"
"MVP0524","MARVIPOL DEVELOPMENT","PLN","GPW ASO","850,00",2023-11-10,9,2024-05-10,173,"zmienne","WIBOR 6M","4.5%","11.45","35,20",17,5,75.39,"2021-02-03","2021-02-03","2024-05-10","31 848 000,00","NIE","http://relacje.marvipoldevelopment.pl/"
"MVP0526","MARVIPOL DEVELOPMENT","PLN","GPW RR","1 000,00",2023-11-08,11,2024-05-08,171,"zmienne","WIBOR 6M","5.5%","12.46","45,74",35,12,393.78,"2023-05-10","2023-05-10","2026-05-08","35 000 000,00","NIE","http://relacje.marvipoldevelopment.pl/"
"MVP0825","MARVIPOL DEVELOPMENT","PLN","GPW ASO","1 000,00",2023-08-03,108,2024-02-03,76,"zmienne","WIBOR 6M","4.5%","11.12","14,32",78,21,705.67,"2022-02-10","2022-02-10","2025-08-03","70 000 000,00","NIE","http://relacje.marvipoldevelopment.pl/"
"MVP1024","MARVIPOL DEVELOPMENT","PLN","GPW ASO","1 000,00",2023-10-21,29,2024-04-21,154,"zmienne","WIBOR 6M","4.5%","11.45","47,37",23,10,283.18,"2021-06-02","2021-06-02","2024-10-21","88 452 000,00","NIE","http://relacje.marvipoldevelopment.pl/"
"NOD1224","NOVDOM","PLN","GPW ASO","1 000,00",2023-09-02,78,2023-12-02,13,"zmienne","WIBOR 3M","4.85%","11.52","5,37",0,0,0,"2022-05-25","2022-05-25","2024-12-02","20 000 000,00","TAK","www.novdom.pl"
"NVA0624","PA NOVA","PLN","GPW ASO","670,00",2023-09-28,52,2023-12-28,39,"zmienne","WIBOR 3M","4.5%","11.4","17,37",5,4,46.54,"2022-01-10","2022-01-10","2024-06-28","20 100 000,00","NIE","www.pa-nova.com.pl"
"OBC0226","OLIVIA FIN","PLN","GPW ASO","1 000,00",2023-08-24,87,2023-11-24,5,"zmienne","WIBOR 3M","4.7%","11.39","8,11",4,3,49.72,"2023-06-09","2023-06-09","2026-02-24","10 000 000,00","TAK","http://ogobc.olivia.biz"
"OBC0525","OLIVIA FIN","PLN","GPW ASO","1 000,00",2023-11-15,4,2024-05-15,178,"zmienne","WIBOR 6M","5.3%","12.25","42,62",12,9,167.29,"2023-03-07","2023-03-07","2025-05-15","25 000 000,00","TAK","http://ogobc.olivia.biz"
"OBC1026","OLIVIA FIN","PLN","GPW ASO","1 000,00",2023-10-13,37,2024-01-13,55,"zmienne","WIBOR 3M","6%","12.9","24,03",12,9,49.68,"2023-04-24","2023-04-24","2026-10-13","11 500 000,00","TAK","http://ogobc.olivia.biz"
"OBC1126","OLIVIA FIN","PLN","GPW ASO","1 000,00",2023-09-22,58,2023-12-22,33,"zmienne","WIBOR 3M","6%","12.9","31,45",77,13,985.08,"2023-06-30","2023-06-30","2026-11-22","27 000 000,00","TAK","http://ogobc.olivia.biz"
"PBX0625","PEKABEX","PLN","GPW ASO","1 000,00",2023-06-11,161,2023-12-11,22,"zmienne","WIBOR 6M","2.65%","9.6","26,30",0,0,0,"2021-06-18","2021-06-18","2025-06-11","40 000 000,00","NIE","www.pekabex.pl"
"PCR0324","PCC ROKITA","PLN","GPW RR","100,00",2023-09-23,57,2023-12-23,34,"stałe","","5%","5",NA,23,10,130.85,"2018-04-10","2018-04-10","2024-03-23","25 000 000,00","NIE","www.pcc.rokita.pl; www.pccinwestor.pl"
"PCR0425","PCC ROKITA","PLN","GPW RR","100,00",2023-10-24,26,2024-01-24,66,"stałe","","5%","5","0,79",15,12,42.32,"2018-05-10","2018-05-10","2025-04-24","20 000 000,00","NIE","www.pcc.rokita.pl; www.pccinwestor.pl"
"PCR0426","PCC ROKITA","PLN","GPW RR","100,00",2023-10-29,21,2024-01-29,71,"stałe","","5%","5","0,73",16,10,30.67,"2019-05-21","2019-05-21","2026-04-29","22 000 000,00","NIE","www.pcc.rokita.pl; www.pccinwestor.pl"
"PCR0527","PCC ROKITA","PLN","GPW RR","100,00",2023-11-12,7,2024-02-12,85,"stałe","","5.5%","5.5","0,59",14,7,160.85,"2020-05-28","2020-05-28","2027-05-12","17 809 400,00","NIE","www.pcc.rokita.pl; www.pccinwestor.pl"
"PCR1023","PCC ROKITA","PLN","GPW ASO, BS ASO","100,00",2023-10-11,39,NA,NA,"stałe","","5%","5","0,97",15,11,39.84,"2017-10-30","2017-10-30","2023-10-11","25 000 000,00","NIE","www.pcc.rokita.pl; www.pccinwestor.pl"
"PCR1026","PCC ROKITA","PLN","GPW RR","100,00",2023-10-22,28,2024-01-22,64,"stałe","","5.5%","5.5","0,90",10,7,33.41,"2019-11-14","2019-11-14","2026-10-22","15 000 000,00","NIE","www.pcc.rokita.pl; www.pccinwestor.pl"
"PCR1223","PCC ROKITA","PLN","GPW RR","100,00",2023-09-20,60,2023-12-20,31,"stałe","","5%","5",NA,22,11,157.95,"2018-01-17","2018-01-17","2023-12-20","30 000 000,00","NIE","www.pcc.rokita.pl; www.pccinwestor.pl"
"PCX0925","PCC EXOL","PLN","GPW RR","100,00",2023-09-24,56,2023-12-24,35,"stałe","","5.5%","5.5",NA,25,12,52.3,"2020-07-09","2020-07-09","2025-09-24","25 000 000,00","NIE","www.pcc-exol.pl"
"PCX1124","PCC EXOL","PLN","GPW RR","100,00",2023-08-27,84,2023-11-27,8,"stałe","","5.5%","5.5","0,36",90,19,450.68,"2020-03-18","2020-03-18","2024-11-27","20 000 000,00","NIE","www.pcc-exol.pl"
"PEO0426","PEKAO","PLN","GPW ASO","500 000,00",2023-10-03,47,2024-04-03,136,"zmienne","WIBOR 6M","2.4%","9.36","21 669,04",0,0,0,"2023-04-14","2023-04-14","2026-04-03","750 000 000,00","NIE","www.pekao.com.pl"
"PEO0631","PEKAO","PLN","GPW ASO, BS ASO","500 000,00",2023-06-04,168,2023-12-04,15,"zmienne","WIBOR 6M","1.7%","8.65","12 678,77",0,0,0,"2019-07-15","2019-07-15","2031-06-04","750 000 000,00","NIE","www.pekao.com.pl"
"PEO0631","PEKAO","PLN","GPW ASO, BS ASO","500 000,00",2023-06-04,168,2023-12-04,15,"zmienne","WIBOR 6M","1.7%","8.65","12 678,77",4,2,4461.47,"2019-07-15","2019-07-15","2031-06-04","750 000 000,00","NIE","www.pekao.com.pl"
"PEO0725","PEKAO","PLN","GPW ASO","500 000,00",NA,NA,2024-01-28,70,"zmienne","WIBOR 6M","1.35%","8","5 808,22",0,0,0,"2023-08-03","2023-08-03","2025-07-28","750 000 000,00","NIE","www.pekao.com.pl"
"PEO0727","PEKAO","PLN","GPW ASO","500 000,00",NA,NA,2024-01-28,70,"stałe","","7.5%","7.5","5 445,21",0,0,0,"2023-08-03","2023-08-03","2027-07-28","350 000 000,00","NIE","www.pekao.com.pl"
"PEO1027","PEKAO","PLN","GPW ASO, BS ASO","1 000,00",2023-10-31,19,2024-04-30,163,"zmienne","WIBOR 6M","1.52%","8.47","32,95",0,0,0,"2017-12-12","2017-12-12","2027-10-29","1 250 000 000,00","NIE","www.pekao.com.pl"
"PEO1027","PEKAO","PLN","GPW ASO, BS ASO","1 000,00",2023-10-31,19,2024-04-30,163,"zmienne","WIBOR 6M","1.52%","8.47","32,95",237,20,11477.84,"2017-12-12","2017-12-12","2027-10-29","1 250 000 000,00","NIE","www.pekao.com.pl"
"PEO1028","PEKAO","PLN","GPW ASO, BS ASO","500 000,00",2023-10-15,35,2024-04-15,148,"zmienne","WIBOR 6M","1.55%","8.5","18 280,82",0,0,0,"2019-01-10","2019-01-10","2028-10-16","550 000 000,00","NIE","www.pekao.com.pl"
"PEO1028","PEKAO","PLN","GPW ASO, BS ASO","500 000,00",2023-10-15,35,2024-04-15,148,"zmienne","WIBOR 6M","1.55%","8.5","18 280,82",2,2,1001.91,"2019-01-10","2019-01-10","2028-10-16","550 000 000,00","NIE","www.pekao.com.pl"
"PEO1033","PEKAO","PLN","GPW ASO, BS ASO","500 000,00",2023-10-15,35,2024-04-15,148,"zmienne","WIBOR 6M","1.8%","8.75","18 818,49",0,0,0,"2019-01-10","2019-01-10","2033-10-14","200 000 000,00","NIE","www.pekao.com.pl"
"PEO1033","PEKAO","PLN","GPW ASO, BS ASO","500 000,00",2023-10-15,35,2024-04-15,148,"zmienne","WIBOR 6M","1.8%","8.75","18 818,49",0,0,0,"2019-01-10","2019-01-10","2033-10-14","200 000 000,00","NIE","www.pekao.com.pl"
"PGE0526","PGE","PLN","GPW ASO, BS ASO","1 000,00",2023-05-21,182,2023-11-21,2,"zmienne","WIBOR 6M","1.2%","8.15","27,02",0,0,0,"2019-08-21","2019-08-21","2026-05-21","400 000 000,00","NIE","www.gkpge.pl"
"PGE0526","PGE","PLN","GPW ASO, BS ASO","1 000,00",2023-05-21,182,2023-11-21,2,"zmienne","WIBOR 6M","1.2%","8.15","27,02",4,3,41.45,"2019-08-21","2019-08-21","2026-05-21","400 000 000,00","NIE","www.gkpge.pl"
"PGE0529","PGE","PLN","GPW ASO, BS ASO","1 000,00",2023-05-21,182,2023-11-21,2,"zmienne","WIBOR 6M","1.4%","8.35","27,68",0,0,0,"2019-08-21","2019-08-21","2029-05-21","1 000 000 000,00","NIE","www.gkpge.pl"
"PGE0529","PGE","PLN","GPW ASO, BS ASO","1 000,00",2023-05-21,182,2023-11-21,2,"zmienne","WIBOR 6M","1.4%","8.35","27,68",14,9,1452.72,"2019-08-21","2019-08-21","2029-05-21","1 000 000 000,00","NIE","www.gkpge.pl"
"PGF0924","POLSKA GRUPA FARMACEUTYCZNA","PLN","GPW ASO","1 000,00",2023-09-09,71,2023-12-09,20,"zmienne","WIBOR 3M","2.35%","8.95","2,45",0,0,0,"2022-09-16","2022-09-16","2024-09-09","130 000 000,00","TAK","www.pgf.com.pl"
"PHN0526","POLSKI HOLDING NIERUCHOMOŚCI","PLN","GPW ASO","1 000,00",NA,NA,2023-11-22,3,"zmienne","WIBOR 6M","3.95%","10.9","35,54",20,12,2605.28,"2023-07-25","2023-07-25","2026-05-22","220 000 000,00","NIE","www.phnsa.pl"
"PHN1224","POLSKI HOLDING NIERUCHOMOŚCI","PLN","GPW ASO","1 000,00",2023-06-10,162,2023-12-10,21,"zmienne","WIBOR 6M","2.95%","9.9","27,39",26,12,2136.66,"2021-02-22","2021-02-22","2024-12-10","325 000 000,00","NIE","www.phnsa.pl"
"PKN1225","ORLEN","PLN","GPW ASO","100 000,00",2023-06-22,150,2023-12-22,33,"zmienne","WIBOR 6M","0.95%","7.9","1 926,30",8,5,2658.63,"2020-12-29","2020-12-29","2025-12-22","1 000 000 000,00","NIE","www.orlen.pl"
"PKO0328","PKO BP","PLN","GPW ASO, BS ASO","500 000,00",2023-09-06,74,2024-03-05,107,"zmienne","WIBOR 6M","1.5%","7.97","1 528,49",0,0,0,"2018-03-29","2018-03-29","2028-03-06","1 000 000 000,00","NIE","www.pkobp.pl"
"PKO0328","PKO BP","PLN","GPW ASO, BS ASO","500 000,00",2023-09-06,74,2024-03-05,107,"zmienne","WIBOR 6M","1.5%","7.97","1 528,49",1,1,999.18,"2018-03-29","2018-03-29","2028-03-06","1 000 000 000,00","NIE","www.pkobp.pl"
"PKO0827","PKO BP","PLN","GPW ASO, BS ASO","100 000,00",2023-08-28,83,2024-02-28,101,"zmienne","WIBOR 6M","1.55%","8.08","487,01",0,0,0,"2017-09-27","2017-09-27","2027-08-28","1 700 000 000,00","NIE","www.pkobp.pl"
"PKO0827","PKO BP","PLN","GPW ASO, BS ASO","100 000,00",2023-08-28,83,2024-02-28,101,"zmienne","WIBOR 6M","1.55%","8.08","487,01",33,13,5487.15,"2017-09-27","2017-09-27","2027-08-28","1 700 000 000,00","NIE","www.pkobp.pl"
"PLY1226","P4 SP. Z O.O.","PLN","GPW ASO","500 000,00",2023-06-13,159,2023-12-13,24,"zmienne","WIBOR 6M","1.75%","8.7","11 679,45",1,1,500.13,"2020-02-28","2020-02-28","2026-12-11","750 000 000,00","NIE","www.play.pl/p4"
"PLY1227","P4 SP. Z O.O.","PLN","GPW ASO","1 000,00",2023-06-29,143,2023-12-29,40,"zmienne","WIBOR 6M","1.85%","8.8","19,77",19,6,552.15,"2021-03-16","2021-03-16","2027-12-29","500 000 000,00","NIE","www.play.pl/p4"
"PRF0125","PRAGMAGO","PLN","GPW RR","100,00",2023-10-27,23,2024-01-27,69,"zmienne","WIBOR 3M","6%","12.76","1,92",51,14,532.04,"2023-02-21","2023-02-21","2025-01-27","20 000 000,00","NIE","www.pragmago.pl"
"PRF0425","PRAGMAGO","PLN","GPW RR","100,00",2023-10-25,25,2024-01-25,67,"zmienne","WIBOR 3M","5.5%","12.29","1,92",56,15,261.46,"2023-05-24","2023-05-24","2025-04-25","25 000 000,00","NIE","www.pragmago.pl"
"PRF0525","PRAGMAGO","PLN","GPW RR","100,00",2023-11-12,7,2024-02-12,85,"zmienne","WIBOR 3M","3.9%","10.61","1,13",18,8,134.94,"2021-05-31","2021-05-31","2025-05-12","16 000 000,00","TAK","www.pragmago.pl"
"PRF0624","PRAGMAGO","PLN","GPW ASO","100,00",2023-09-18,62,2023-12-18,29,"stałe","","5.6%","5.6","0,03",23,12,146.49,"2021-01-25","2021-01-25","2024-06-18","7 000 000,00","TAK","www.pragmago.pl"
"PRF0626","PRAGMAGO","PLN","GPW ASO","100,00",2023-09-13,67,2023-12-13,24,"zmienne","WIBOR 3M","4%","10.6","0,20",5,3,30.87,"2022-07-20","2022-07-20","2026-06-13","10 000 000,00","TAK","www.pragmago.pl"
"PRF0925","PRAGMAGO","PLN","GPW RR","100,00",2023-09-27,53,2023-12-27,38,"zmienne","WIBOR 3M","5.3%","12.2","2,84",61,16,391.93,"2023-07-13","2023-07-13","2025-09-27","20 000 000,00","NIE","www.pragmago.pl"
"PRF1025","PRAGMAGO","PLN","GPW RR","100,00",2023-10-01,49,2024-01-01,43,"zmienne","WIBOR 3M","3.8%","10.7","2,37",3,3,36.77,"2021-10-20","2021-10-20","2025-10-01","17 000 000,00","TAK","www.pragmago.pl"
"PRF1026","PRAGMAGO","PLN","GPW RR","100,00",2023-10-28,22,2024-01-28,70,"zmienne","WIBOR 3M","4%","10.74","1,59",11,3,237.74,"2022-11-08","2022-11-08","2026-10-28","12 779 200,00","TAK","www.pragmago.pl"
"PRF1124","PRAGMAGO","PLN","GPW ASO","100,00",2023-11-10,9,2024-02-10,83,"stałe","","5.75%","5.75","0,65",15,8,43.62,"2020-12-16","2020-12-16","2024-11-10","12 000 000,00","TAK","www.pragmago.pl"
"PRF1225","PRAGMAGO","PLN","GPW ASO","100,00",2023-09-23,57,2023-12-23,34,"zmienne","WIBOR 3M","4%","10.9",NA,2,2,8.54,"2022-01-21","2022-01-21","2025-12-23","16 000 000,00","TAK","www.pragmago.pl"
"PZU0727","PZU","PLN","GPW ASO, BS ASO","100 000,00",2023-07-29,113,2024-01-29,71,"zmienne","WIBOR 6M","1.8%","8.44","1 202,41",0,0,0,"2017-08-01","2017-08-01","2027-07-29","2 250 000 000,00","NIE","www.pzu.pl"
"PZU0727","PZU","PLN","GPW ASO, BS ASO","100 000,00",2023-07-29,113,2024-01-29,71,"zmienne","WIBOR 6M","1.8%","8.44","1 202,41",46,15,16337.23,"2017-08-01","2017-08-01","2027-07-29","2 250 000 000,00","NIE","www.pzu.pl"
"ROB0626","ROBYG","PLN","GPW ASO","1 000,00",2023-06-17,155,2023-12-17,28,"zmienne","WIBOR 6M","2.4%","9.35","24,08",0,0,0,"2021-06-25","2021-06-25","2026-06-17","150 000 000,00","NIE","www.robyg.com.pl"
"ROB1224","ROBYG","PLN","GPW ASO","100 000,00",2023-06-04,168,2023-12-04,15,"zmienne","WIBOR 6M","2.95%","9.9","2 902,19",0,0,0,"2020-04-09","2020-04-09","2024-12-04","100 000 000,00","NIE","www.robyg.com.pl"
"ROB1225","ROBYG","PLN","GPW ASO","1 000,00",2023-06-22,150,2023-12-22,33,"zmienne","WIBOR 6M","4.85%","11.8","28,77",0,0,0,"2022-12-30","2022-12-30","2025-12-22","110 000 000,00","NIE","www.robyg.com.pl"
"RON0424","RONSON","PLN","GPW ASO","1 000,00",2023-10-02,48,2024-04-02,135,"zmienne","WIBOR 6M","4.3%","11.25","52,40",37,12,568.31,"2020-10-08","2020-10-08","2024-04-02","100 000 000,00","NIE","www.ronson.pl"
"RON0425","RONSON","PLN","GPW ASO","1 000,00",2023-10-15,35,2024-04-15,148,"zmienne","WIBOR 6M","4%","10.95","47,10",35,16,676.27,"2021-04-23","2021-04-23","2025-04-15","100 000 000,00","NIE","www.ronson.pl"
"RON0726","RONSON","PLN","GPW ASO","1 000,00",NA,NA,2024-01-03,45,"zmienne","WIBOR 6M","4.2%","11.15","23,83",0,0,0,"2023-07-07","2023-07-07","2026-07-03","60 000 000,00","TAK","www.ronson.pl"
"RPO0626","R.POWER S.A.","PLN","GPW ASO","1 000,00",2023-06-02,170,2023-12-02,13,"zmienne","WIBOR 6M","4.95%","11.9","35,54",5,4,43.39,"2021-09-20","2021-09-20","2026-06-02","305 000 000,00","TAK","www.rpower.solar"
"SPL0325","SANTANDER BANK POLSKA","PLN","GPW ASO","500 000,00",2023-09-30,50,2024-03-31,133,"zmienne","WIBOR 6M","1.9%","8.85","20 973,29",0,0,0,"2023-04-18","2023-04-18","2025-03-31","1 900 000 000,00","NIE","www.santander.pl"
"SPL0428","SANTANDER BANK POLSKA","PLN","GPW ASO, BS ASO","500 000,00",2023-10-05,45,2024-04-05,138,"zmienne","WIBOR 6M","1.6%","8.55","19 559,59",0,0,0,"2018-05-11","2018-05-11","2028-04-05","1 000 000 000,00","NIE","www.santander.pl"
"SPL0428","SANTANDER BANK POLSKA","PLN","GPW ASO, BS ASO","500 000,00",2023-10-05,45,2024-04-05,138,"zmienne","WIBOR 6M","1.6%","8.55","19 559,59",0,0,0,"2018-05-11","2018-05-11","2028-04-05","1 000 000 000,00","NIE","www.santander.pl"
"TDJ0624","INVEST TDJ ESTATE","PLN","GPW ASO","1 000,00",2023-06-03,169,2023-12-03,14,"zmienne","WIBOR 6M","3.5%","10.45","30,92",5,2,402.18,"2022-05-23","2022-05-23","2024-06-03","115 000 000,00","TAK","www.tdj.pl"
"TPE1025","TAURON POLSKA ENERGIA","PLN","GPW ASO","1 000,00",2023-10-30,20,2024-04-30,163,"zmienne","WIBOR 6M","1.35%","8.3","32,29",8,5,2071.87,"2021-01-19","2021-01-19","2025-10-30","1 000 000 000,00","NIE","www.tauron.pl"
"UD10426","UNIDEVELOPMENT","PLN","GPW ASO","1 000,00",2023-10-05,45,2024-01-05,47,"zmienne","WIBOR 3M","5.25%","12.15","25,30",0,0,0,"2023-09-06","2023-09-06","2026-04-05","11 400 000,00","TAK","https://unidevelopment.pl/"
"UDV0426","UNIDEVELOPMENT","PLN","GPW ASO","1 000,00",2023-10-05,45,2024-01-05,47,"zmienne","WIBOR 3M","5.25%","12.15","25,30",6,4,47.5,"2023-09-06","2023-09-06","2026-04-05","23 500 000,00","TAK","https://unidevelopment.pl/"
"UNI0324","UNIBEP SA","PLN","GPW ASO","100,00",2023-09-30,50,2024-03-31,133,"zmienne","WIBOR 6M","3.5%","10.45","4,92",0,0,0,"2021-05-17","2021-05-17","2024-03-31","50 000 000,00","NIE","www.unibep.pl"
"UNI1124","UNIBEP SA","PLN","GPW ASO","100,00",2023-05-24,179,2023-11-24,5,"zmienne","WIBOR 6M","3.5%","10.45","3,38",0,0,0,"2021-12-29","2021-12-29","2024-11-24","50 057 000,00","NIE","www.unibep.pl"
"VI10825","VICTORIA DOM SPÓŁKA AKCYJNA","PLN","GPW ASO","1 000,00",2023-08-30,81,2023-11-30,11,"zmienne","WIBOR 3M","5.3%","11.49","6,30",9,6,109.86,"2022-09-07","2022-09-07","2025-08-30","5 272 000,00","NIE","www.victoriadom.pl"
"VIC0125","VICTORIA DOM SPÓŁKA AKCYJNA","PLN","GPW ASO","1 000,00",2023-10-11,39,2024-04-11,144,"zmienne","WIBOR 6M","5.5%","12.95","57,12",65,18,629.27,"2021-10-20","2021-10-20","2025-01-11","70 000 000,00","NIE","www.victoriadom.pl"
"VID0326","VICTORIA DOM SPÓŁKA AKCYJNA","PLN","GPW ASO","1 000,00",2023-05-31,172,2023-11-30,11,"zmienne","WIBOR 6M","7.5%","14.45","43,94",67,14,905.87,"2023-04-04","2023-04-04","2026-03-21","50 184 000,00","NIE","www.victoriadom.pl"
"VID0624","VICTORIA DOM SPÓŁKA AKCYJNA","PLN","GPW ASO","1 000,00",2023-06-23,149,2023-12-23,34,"zmienne","WIBOR 6M","5.5%","12.95","31,22",21,7,313.21,"2021-06-30","2021-06-30","2024-06-23","49 432 000,00","NIE","www.victoriadom.pl"
"VID0626","VICTORIA DOM SPÓŁKA AKCYJNA","PLN","GPW ASO","1 000,00",NA,NA,2023-12-21,32,"zmienne","WIBOR 6M","7%","13.95","33,63",14,5,70.04,"2023-06-30","2023-06-30","2026-06-21","11 200 000,00","NIE","www.victoriadom.pl"
"VID1023","VICTORIA DOM SPÓŁKA AKCYJNA","PLN","GPW ASO","1 000,00",2023-10-28,22,NA,NA,"zmienne","WIBOR 6M","6%","13.45","53,06",7,3,20.05,"2020-11-12","2020-11-12","2023-10-28","32 890 000,00","NIE","www.victoriadom.pl"
"VOX0625","VOXEL","PLN","GPW ASO","800,00",2023-06-24,148,2023-12-23,34,"zmienne","WIBOR 6M","3.1%","10.05","19,16",3,3,7.74,"2021-06-30","2021-06-30","2025-06-24","40 000 000,00","NIE","www.voxel.pl"
"WBE1023","WB ELECTRONICS","PLN","GPW ASO","1 000,00",2023-10-27,23,NA,NA,"zmienne","WIBOR 3M","2.56%","9.3","13,76",3,3,10.18,"2020-12-30","2020-12-30","2023-10-27","60 000 000,00","TAK","www.wb.com.pl"
"WSD0225","WHITE STONE DEVELOPMENT","PLN","GPW ASO","1 000,00",2023-08-20,91,2023-11-20,1,"zmienne","WIBOR 3M","5.45%","12.13","9,97",12,8,122.36,"2021-11-10","2021-11-10","2025-02-20","22 000 000,00","TAK","www.white-stone.pl"
"WSD0724","WHITE STONE DEVELOPMENT","PLN","GPW ASO","1 000,00",2023-10-01,49,2024-01-01,43,"zmienne","WIBOR 3M","5.2%","12.1","26,52",18,9,152.11,"2021-11-10","2021-11-10","2024-07-01","11 250 000,00","TAK","www.white-stone.pl"
"CAV0127","CAVATINA HOLDING","EUR","GPW RR","100,00",NA,NA,2024-01-26,68,"zmienne","EURIBOR 6M","6%","9.937","1,50",8,5,12.27,"2023-07-31","2023-07-31","2027-01-26","4 366 900,00","TAK","www.cavatina.pl"
"ECH1024","ECHO INVESTMENT","EUR","GPW ASO","1 000,00",2023-10-23,27,2024-04-23,156,"stałe","","4.5%","4.5","18,37",0,0,0,"2020-11-02","2020-11-02","2024-10-23","40 000 000,00","NIE","www.echo.com.pl"
"MLP0124","MLP GROUP","EUR","GPW ASO","1 000,00",2023-10-22,28,2024-01-22,64,"zmienne","EURIBOR 3M","3.95%","7.596","12,28",0,0,0,"2022-07-28","2022-07-28","2024-01-22","4 000 000,00","NIE","www.mlp.pl"
"MLP0225","MLP GROUP","EUR","GPW ASO","1 000,00",2023-08-19,92,2024-02-19,92,"zmienne","EURIBOR 6M","2.95%","6.914","5,87",0,0,0,"2020-02-26","2020-02-26","2025-02-19","45 000 000,00","NIE","www.mlp.pl"
"MLP0524","MLP GROUP","EUR","GPW ASO","1 000,00",2023-11-17,2,2024-05-17,180,"zmienne","EURIBOR 6M","2.3%","5.938","20,34",0,0,0,"2021-11-24","2021-11-24","2024-05-17","20 000 000,00","NIE","www.mlp.pl"
"MLP0525","MLP GROUP","EUR","GPW ASO","1 000,00",NA,NA,2023-11-24,5,"zmienne","EURIBOR 6M","3.95%","7.657","24,75",0,0,0,"2023-07-20","2023-07-20","2025-05-26","29 000 000,00","NIE","www.mlp.pl"
"ORL0730","ORLEN","EUR","GPW RR","100 000,00",NA,NA,2024-07-13,237,"stałe","","4.75%","4.75","882,51",0,0,0,"2023-08-04","2023-08-04","2030-07-13","500 000 000,00","NIE","www.orlen.pl"
"PKN0528","ORLEN","EUR","GPW RR","100 000,00",2023-05-27,176,2024-05-27,190,"stałe","","1.125%","1.125","353,48",0,0,0,"2021-06-28","2021-06-28","2028-05-27","500 000 000,00","NIE","www.orlen.pl"
"PKO0226","PKO BP","EUR","GPW RR","100 000,00",NA,NA,2024-02-01,74,"stałe","","5.625%","5.625","3 544,52",0,0,0,"2023-04-21","2023-04-21","2026-02-01","750 000 000,00","NIE","www.pkobp.pl"
"VAN0727","VANTAGE DEVELOPMENT","EUR","GPW ASO","1 000,00",NA,NA,2024-01-12,54,"zmienne","EURIBOR 6M","2.9%","6.844","5,06",0,0,0,"2023-08-31","2023-08-31","2027-07-12","24 000 000,00","TAK","www.vantage-sa.pl"
